Part,Description,Color ID,Color Name,Couleur RGB,Quantity,BrickLink URL,Found
10928,Technic Gear 8 Tooth,8,Dark Grey Reinforced,#6D6E68,1,https://davidlilien.github.io/images_giant_booster/image-001-000_1753130822.jpg,0
11458,Plate 1 x 2 with Offset Peghole,8,Dark Grey,#6D6E68,2,https://davidlilien.github.io/images_giant_booster/image-001-001_1753130822.jpg,0
11458,Plate 1 x 2 with Offset Peghole,15,White,#FFFFFF,4,https://davidlilien.github.io/images_giant_booster/image-001-002_1753130822.jpg,0
14769,Tile 2 x 2 Round with Round Underside Stud,15,White,#FFFFFF,1,https://davidlilien.github.io/images_giant_booster/image-001-003_1753130822.jpg,0
15462,Technic Axle 5 with Stop,6,Brown,#582A12,1,https://davidlilien.github.io/images_giant_booster/image-001-004_1753130822.jpg,0
2412b,Tile 1 x 2 Grille with Groove,4,Red,#B40000,8,https://davidlilien.github.io/images_giant_booster/image-001-005_1753130822.jpg,0
2412b,Tile 1 x 2 Grille with Groove,15,White,#FFFFFF,10,https://davidlilien.github.io/images_giant_booster/image-001-006_1753130822.jpg,0
2420,Plate 2 x 2 Corner,4,Red,#B40000,2,https://davidlilien.github.io/images_giant_booster/image-001-007_1753130822.jpg,0
2429,Hinge Plate 1 x 4 Base,4,Red,#B40000,2,https://davidlilien.github.io/images_giant_booster/image-001-008_1753130822.jpg,0
2429,Hinge Plate 1 x 4 Base,14,Yellow,#FAC80A,4,https://davidlilien.github.io/images_giant_booster/image-001-009_1753130822.jpg,0
2430,Hinge Plate 1 x 4 Top,4,Red,#B40000,2,https://davidlilien.github.io/images_giant_booster/image-001-010_1753130822.jpg,0
2430,Hinge Plate 1 x 4 Top,14,Yellow,#FAC80A,4,https://davidlilien.github.io/images_giant_booster/image-001-011_1753130822.jpg,0
2431,Tile 1 x 4 with Groove,4,Red,#B40000,2,https://davidlilien.github.io/images_giant_booster/image-001-012_1753130822.jpg,0
2431,Tile 1 x 4 with Groove,14,Yellow,#FAC80A,5,https://davidlilien.github.io/images_giant_booster/image-001-013_1753130822.jpg,0
2431,Tile 1 x 4 with Groove,26,Magenta,#901F76,1,https://davidlilien.github.io/images_giant_booster/image-001-014_1753130822.jpg,0
24316,Technic Axle 3 with Stop,6,Brown,#582A12,2,https://davidlilien.github.io/images_giant_booster/image-001-015_1753130822.jpg,0
2436a,Bracket 1 x 2 - 1 x 4 with Square Corners,4,Red,#B40000,1,https://davidlilien.github.io/images_giant_booster/image-001-016_1753130822.jpg,0
2436a,Bracket 1 x 2 - 1 x 4 with Square Corners,7,Light Grey,#A0A5A9,1,https://davidlilien.github.io/images_giant_booster/image-001-017_1753130822.jpg,0
2436a,Bracket 1 x 2 - 1 x 4 with Square Corners,14,Yellow,#FAC80A,2,https://davidlilien.github.io/images_giant_booster/image-001-018_1753130822.jpg,0
2444,Plate 2 x 2 with Hole and Split Underside Ribs,14,Yellow,#FAC80A,10,https://davidlilien.github.io/images_giant_booster/image-001-019_1753130822.jpg,0
2444,Plate 2 x 2 with Hole and Split Underside Ribs,15,White,#FFFFFF,1,https://davidlilien.github.io/images_giant_booster/image-002-020_1753130822.jpg,0
2450,Plate 3 x 3 without Corner,4,Red,#B40000,2,https://davidlilien.github.io/images_giant_booster/image-002-021_1753130822.jpg,0
2486,Bar 1 x 8 x 2,4,Red,#B40000,2,https://davidlilien.github.io/images_giant_booster/image-002-022_1753130822.jpg,0
2508,Plate 1 x 2 with 3L Extension and Towball,14,Yellow,#FAC80A,1,https://davidlilien.github.io/images_giant_booster/image-002-023_1753130822.jpg,0
2540,Plate 1 x 2 with Handle,0,Black,#1B2A34,16,https://davidlilien.github.io/images_giant_booster/image-002-024_1753130822.jpg,0
2540,Plate 1 x 2 with Handle,15,White,#FFFFFF,16,https://davidlilien.github.io/images_giant_booster/image-002-025_1753130822.jpg,0
2555,Tile 1 x 1 with Clip,4,Red,#B40000,2,https://davidlilien.github.io/images_giant_booster/image-002-026_1753130822.jpg,0
2654,Dish 2 x 2,0,Black,#1B2A34,3,https://davidlilien.github.io/images_giant_booster/image-002-027_1753130822.jpg,0
2780,Technic Pin with Friction and Slots,0,Black,#1B2A34,6,https://davidlilien.github.io/images_giant_booster/image-002-028_1753130822.jpg,0
2926,Plate 1 x 4 with 2 Wheel Pins,0,Black,#1B2A34,9,https://davidlilien.github.io/images_giant_booster/image-002-029_1753130822.jpg,0
3001,Brick 2 x 4,4,Red,#B40000,12,https://davidlilien.github.io/images_giant_booster/image-002-030_1753130822.jpg,0
3001,Brick 2 x 4,14,Yellow,#FAC80A,2,https://davidlilien.github.io/images_giant_booster/image-002-031_1753130822.jpg,0
3001,Brick 2 x 4,15,White,#FFFFFF,1,https://davidlilien.github.io/images_giant_booster/image-002-032_1753130822.jpg,0
3002,Brick 2 x 3,4,Red,#B40000,3,https://davidlilien.github.io/images_giant_booster/image-002-033_1753130822.jpg,0
3002,Brick 2 x 3,14,Yellow,#FAC80A,6,https://davidlilien.github.io/images_giant_booster/image-002-034_1753130822.jpg,0
3003,Brick 2 x 2,4,Red,#B40000,6,https://davidlilien.github.io/images_giant_booster/image-002-035_1753130822.jpg,0
3003,Brick 2 x 2,15,White,#FFFFFF,5,https://davidlilien.github.io/images_giant_booster/image-002-036_1753130822.jpg,0
3003,Brick 2 x 2,25,Orange,#D67923,2,https://davidlilien.github.io/images_giant_booster/image-002-037_1753130822.jpg,0
3004,Brick 1 x 2,1,Blue,#1E5AA8,4,https://davidlilien.github.io/images_giant_booster/image-002-038_1753130822.jpg,0
3004,Brick 1 x 2,4,Red,#B40000,11,https://davidlilien.github.io/images_giant_booster/image-003-039_1753130822.jpg,0
3004,Brick 1 x 2,14,Yellow,#FAC80A,16,https://davidlilien.github.io/images_giant_booster/image-003-040_1753130822.jpg,0
3004,Brick 1 x 2,15,White,#FFFFFF,4,https://davidlilien.github.io/images_giant_booster/image-003-041_1753130822.jpg,0
3005,Brick 1 x 1,4,Red,#B40000,2,https://davidlilien.github.io/images_giant_booster/image-003-042_1753130822.jpg,0
3009,Brick 1 x 6,4,Red,#B40000,42,https://davidlilien.github.io/images_giant_booster/image-003-043_1753130822.jpg,0
3009,Brick 1 x 6,14,Yellow,#FAC80A,36,https://davidlilien.github.io/images_giant_booster/image-003-044_1753130822.jpg,0
3009,Brick 1 x 6,15,White,#FFFFFF,8,https://davidlilien.github.io/images_giant_booster/image-003-045_1753130822.jpg,0
3009,Brick 1 x 6,25,Orange,#D67923,6,https://davidlilien.github.io/images_giant_booster/image-003-046_1753130822.jpg,0
3009,Brick 1 x 6,26,Magenta,#901F76,8,https://davidlilien.github.io/images_giant_booster/image-003-047_1753130822.jpg,0
3010,Brick 1 x 4,4,Red,#B40000,41,https://davidlilien.github.io/images_giant_booster/image-003-048_1753130822.jpg,0
3010,Brick 1 x 4,5,Dark Pink,#D3359D,15,https://davidlilien.github.io/images_giant_booster/image-003-049_1753130822.jpg,0
3010,Brick 1 x 4,14,Yellow,#FAC80A,22,https://davidlilien.github.io/images_giant_booster/image-003-050_1753130822.jpg,0
3010,Brick 1 x 4,25,Orange,#D67923,24,https://davidlilien.github.io/images_giant_booster/image-003-051_1753130822.jpg,0
3010,Brick 1 x 4,26,Magenta,#901F76,26,https://davidlilien.github.io/images_giant_booster/image-003-052_1753130822.jpg,0
30162,Minifig Binoculars with Round Eyepiece,8,Dark Grey,#6D6E68,4,https://davidlilien.github.io/images_giant_booster/image-003-053_1753130822.jpg,0
3020,Plate 2 x 4,0,Black,#1B2A34,5,https://davidlilien.github.io/images_giant_booster/image-003-054_1753130822.jpg,0
3020,Plate 2 x 4,4,Red,#B40000,30,https://davidlilien.github.io/images_giant_booster/image-003-055_1753130822.jpg,0
3020,Plate 2 x 4,5,Dark Pink,#D3359D,1,https://davidlilien.github.io/images_giant_booster/image-004-056_1753130822.jpg,0
3020,Plate 2 x 4,7,Light Grey,#A0A5A9,20,https://davidlilien.github.io/images_giant_booster/image-004-057_1753130822.jpg,0
3020,Plate 2 x 4,14,Yellow,#FAC80A,15,https://davidlilien.github.io/images_giant_booster/image-004-058_1753130822.jpg,0
3020,Plate 2 x 4,15,White,#FFFFFF,14,https://davidlilien.github.io/images_giant_booster/image-004-059_1753130822.jpg,0
3021,Plate 2 x 3,0,Black,#1B2A34,3,https://davidlilien.github.io/images_giant_booster/image-004-060_1753130822.jpg,0
3021,Plate 2 x 3,4,Red,#B40000,28,https://davidlilien.github.io/images_giant_booster/image-004-061_1753130822.jpg,0
3021,Plate 2 x 3,7,Light Grey,#A0A5A9,1,https://davidlilien.github.io/images_giant_booster/image-004-062_1753130822.jpg,0
3021,Plate 2 x 3,15,White,#FFFFFF,51,https://davidlilien.github.io/images_giant_booster/image-004-063_1753130822.jpg,0
3022,Plate 2 x 2,0,Black,#1B2A34,1,https://davidlilien.github.io/images_giant_booster/image-004-064_1753130823.jpg,0
3022,Plate 2 x 2,4,Red,#B40000,10,https://davidlilien.github.io/images_giant_booster/image-004-065_1753130823.jpg,0
3022,Plate 2 x 2,14,Yellow,#FAC80A,5,https://davidlilien.github.io/images_giant_booster/image-004-066_1753130823.jpg,0
3022,Plate 2 x 2,15,White,#FFFFFF,8,https://davidlilien.github.io/images_giant_booster/image-004-067_1753130823.jpg,0
3023,Plate 1 x 2,0,Black,#1B2A34,7,https://davidlilien.github.io/images_giant_booster/image-004-068_1753130823.jpg,0
3023,Plate 1 x 2,4,Red,#B40000,14,https://davidlilien.github.io/images_giant_booster/image-004-069_1753130823.jpg,0
3023,Plate 1 x 2,7,Light Grey,#A0A5A9,1,https://davidlilien.github.io/images_giant_booster/image-004-070_1753130823.jpg,0
3023,Plate 1 x 2,14,Yellow,#FAC80A,22,https://davidlilien.github.io/images_giant_booster/image-004-071_1753130823.jpg,0
3023,Plate 1 x 2,15,White,#FFFFFF,16,https://davidlilien.github.io/images_giant_booster/image-004-072_1753130823.jpg,0
3031,Plate 4 x 4,7,Light Grey,#A0A5A9,20,https://davidlilien.github.io/images_giant_booster/image-004-073_1753130823.jpg,0
3032,Plate 4 x 6,0,Black,#1B2A34,3,https://davidlilien.github.io/images_giant_booster/image-004-074_1753130823.jpg,0
3032,Plate 4 x 6,4,Red,#B40000,15,https://davidlilien.github.io/images_giant_booster/image-004-075_1753130823.jpg,0
3032,Plate 4 x 6,14,Yellow,#FAC80A,16,https://davidlilien.github.io/images_giant_booster/image-004-076_1753130823.jpg,0
3032,Plate 4 x 6,25,Orange,#D67923,11,https://davidlilien.github.io/images_giant_booster/image-005-077_1753130823.jpg,0
3034,Plate 2 x 8,4,Red,#B40000,6,https://davidlilien.github.io/images_giant_booster/image-005-078_1753130823.jpg,0
3034,Plate 2 x 8,14,Yellow,#FAC80A,2,https://davidlilien.github.io/images_giant_booster/image-005-079_1753130823.jpg,0
3034,Plate 2 x 8,15,White,#FFFFFF,3,https://davidlilien.github.io/images_giant_booster/image-005-080_1753130823.jpg,0
30357,Plate 3 x 3 Corner Round,15,White,#FFFFFF,4,https://davidlilien.github.io/images_giant_booster/image-005-081_1753130823.jpg,0
3037,Slope Brick 45 2 x 4,4,Red,#B40000,4,https://davidlilien.github.io/images_giant_booster/image-005-082_1753130823.jpg,0
30377,Minifig Mechanical Arm with Clips Parallel,0,Black,#1B2A34,32,https://davidlilien.github.io/images_giant_booster/image-005-083_1753130823.jpg,0
3039,Slope Brick 45 2 x 2,4,Red,#B40000,5,https://davidlilien.github.io/images_giant_booster/image-005-084_1753130823.jpg,0
3039,Slope Brick 45 2 x 2,7,Light Grey,#A0A5A9,2,https://davidlilien.github.io/images_giant_booster/image-005-085_1753130823.jpg,0
3039,Slope Brick 45 2 x 2,14,Yellow,#FAC80A,3,https://davidlilien.github.io/images_giant_booster/image-005-086_1753130823.jpg,0
3039,Slope Brick 45 2 x 2,15,White,#FFFFFF,12,https://davidlilien.github.io/images_giant_booster/image-005-087_1753130823.jpg,0
3040b,Slope Brick 45 2 x 1,4,Red,#B40000,6,https://davidlilien.github.io/images_giant_booster/image-005-088_1753130823.jpg,0
3040b,Slope Brick 45 2 x 1,14,Yellow,#FAC80A,2,https://davidlilien.github.io/images_giant_booster/image-005-089_1753130823.jpg,0
3040b,Slope Brick 45 2 x 1,15,White,#FFFFFF,2,https://davidlilien.github.io/images_giant_booster/image-005-090_1753130823.jpg,0
30414,Brick 1 x 4 with Studs on Side,4,Red,#B40000,3,https://davidlilien.github.io/images_giant_booster/image-005-091_1753130823.jpg,0
30503,Plate 4 x 4 without Corner,7,Light Grey,#A0A5A9,2,https://davidlilien.github.io/images_giant_booster/image-005-092_1753130823.jpg,0
3062b,Brick 1 x 1 Round with Hollow Stud,0,Black,#1B2A34,8,https://davidlilien.github.io/images_giant_booster/image-005-093_1753130823.jpg,0
3062b,Brick 1 x 1 Round with Hollow Stud,4,Red,#B40000,12,https://davidlilien.github.io/images_giant_booster/image-005-094_1753130823.jpg,0
3065,Brick 1 x 2 without Centre Stud,36,Trans Red,#FF0000,4,https://davidlilien.github.io/images_giant_booster/image-005-095_1753130823.jpg,0
3068b,Tile 2 x 2 with Groove,4,Red,#B40000,6,https://davidlilien.github.io/images_giant_booster/image-006-096_1753130823.jpg,0
3068b,Tile 2 x 2 with Groove,14,Yellow,#FAC80A,9,https://davidlilien.github.io/images_giant_booster/image-006-097_1753130823.jpg,0
3069b,Tile 1 x 2 with Groove,4,Red,#B40000,5,https://davidlilien.github.io/images_giant_booster/image-006-098_1753130823.jpg,0
3069b,Tile 1 x 2 with Groove,14,Yellow,#FAC80A,5,https://davidlilien.github.io/images_giant_booster/image-006-099_1753130823.jpg,0
3069b,Tile 1 x 2 with Groove,15,White,#FFFFFF,6,https://davidlilien.github.io/images_giant_booster/image-006-100_1753130823.jpg,0
3069b,Tile 1 x 2 with Groove,36,Trans Red,#FF0000,2,https://davidlilien.github.io/images_giant_booster/image-006-101_1753130823.jpg,0
3185,Fence Lattice 1 x 4 x 2,14,Yellow,#FAC80A,5,https://davidlilien.github.io/images_giant_booster/image-006-102_1753130823.jpg,0
32000,Technic Brick 1 x 2 with Holes,15,White,#FFFFFF,4,https://davidlilien.github.io/images_giant_booster/image-006-103_1753130823.jpg,0
32001,Technic Plate 2 x 6 with Holes,4,Red,#B40000,2,https://davidlilien.github.io/images_giant_booster/image-006-104_1753130823.jpg,0
32001,Technic Plate 2 x 6 with Holes,7,Light Grey,#A0A5A9,2,https://davidlilien.github.io/images_giant_booster/image-006-105_1753130823.jpg,0
32013,Technic Angle Connector #1,7,Light Grey,#A0A5A9,1,https://davidlilien.github.io/images_giant_booster/image-006-106_1753130823.jpg,0
32062,Technic Axle 2 Notched,0,Black,#1B2A34,9,https://davidlilien.github.io/images_giant_booster/image-006-107_1753130823.jpg,0
32064,Technic Brick 1 x 2 with Axlehole,4,Red,#B40000,5,https://davidlilien.github.io/images_giant_booster/image-006-108_1753130823.jpg,0
32064,Technic Brick 1 x 2 with Axlehole,14,Yellow,#FAC80A,9,https://davidlilien.github.io/images_giant_booster/image-006-109_1753130823.jpg,0
32073,Technic Axle 5,7,Light Grey,#A0A5A9,1,https://davidlilien.github.io/images_giant_booster/image-006-110_1753130823.jpg,0
32123,Technic Bush 1/2 Smooth with Axle Hole Semi-Reduced,7,Light Grey,#A0A5A9,26,https://davidlilien.github.io/images_giant_booster/image-006-111_1753130823.jpg,0
32184,Technic Cross Block 1 x 3 (Axle/Pin/Axle),4,Red,#B40000,2,https://davidlilien.github.io/images_giant_booster/image-006-112_1753130823.jpg,0
32198,Technic Gear 20 Tooth Bevel,19,Tan,#B0A06F,2,https://davidlilien.github.io/images_giant_booster/image-006-113_1753130823.jpg,0
32269,Technic Gear 20 Tooth Double Bevel,19,Tan,#B0A06F,1,https://davidlilien.github.io/images_giant_booster/image-006-114_1753130823.jpg,0
32270,Technic Gear 12 Tooth Double Bevel,0,Black,#1B2A34,3,https://davidlilien.github.io/images_giant_booster/image-006-115_1753130823.jpg,0
32523,Technic Beam 3,15,White,#FFFFFF,2,https://davidlilien.github.io/images_giant_booster/image-006-116_1753130823.jpg,0
32556,Technic Pin Long,7,Light Grey,#A0A5A9,2,https://davidlilien.github.io/images_giant_booster/image-006-117_1753130823.jpg,0
3297,Slope Brick 33 3 x 4,4,Red,#B40000,2,https://davidlilien.github.io/images_giant_booster/image-007-118_1753130823.jpg,0
3297,Slope Brick 33 3 x 4,14,Yellow,#FAC80A,4,https://davidlilien.github.io/images_giant_booster/image-007-119_1753130823.jpg,0
3460,Plate 1 x 8,4,Red,#B40000,16,https://davidlilien.github.io/images_giant_booster/image-007-120_1753130823.jpg,0
3460,Plate 1 x 8,14,Yellow,#FAC80A,3,https://davidlilien.github.io/images_giant_booster/image-007-121_1753130823.jpg,0
3483,Tyre 7/56 x 17 Offset Tread,0,Black,#1B2A34,1,https://davidlilien.github.io/images_giant_booster/image-007-122_1753130823.jpg,0
3622,Brick 1 x 3,4,Red,#B40000,8,https://davidlilien.github.io/images_giant_booster/image-007-123_1753130823.jpg,0
3623,Plate 1 x 3,4,Red,#B40000,1,https://davidlilien.github.io/images_giant_booster/image-007-124_1753130823.jpg,0
3647,Technic Gear 8 Tooth,7,Light Grey,#A0A5A9,1,https://davidlilien.github.io/images_giant_booster/image-007-125_1753130823.jpg,0
3649,Technic Gear 40 Tooth,7,Light Grey,#A0A5A9,6,https://davidlilien.github.io/images_giant_booster/image-007-126_1753130823.jpg,0
3660,Slope Brick 45 2 x 2 Inverted,4,Red,#B40000,3,https://davidlilien.github.io/images_giant_booster/image-007-127_1753130823.jpg,0
3660,Slope Brick 45 2 x 2 Inverted,14,Yellow,#FAC80A,12,https://davidlilien.github.io/images_giant_booster/image-007-128_1753130823.jpg,0
3660,Slope Brick 45 2 x 2 Inverted,15,White,#FFFFFF,2,https://davidlilien.github.io/images_giant_booster/image-007-129_1753130823.jpg,0
3660,Slope Brick 45 2 x 2 Inverted,25,Orange,#D67923,17,https://davidlilien.github.io/images_giant_booster/image-007-130_1753130823.jpg,0
3665,Slope Brick 45 2 x 1 Inverted,4,Red,#B40000,2,https://davidlilien.github.io/images_giant_booster/image-007-131_1753130823.jpg,0
3665,Slope Brick 45 2 x 1 Inverted,14,Yellow,#FAC80A,2,https://davidlilien.github.io/images_giant_booster/image-007-132_1753130823.jpg,0
3665,Slope Brick 45 2 x 1 Inverted,15,White,#FFFFFF,5,https://davidlilien.github.io/images_giant_booster/image-007-133_1753130823.jpg,0
3666,Plate 1 x 6,0,Black,#1B2A34,59,https://davidlilien.github.io/images_giant_booster/image-007-134_1753130823.jpg,0
3666,Plate 1 x 6,4,Red,#B40000,2,https://davidlilien.github.io/images_giant_booster/image-007-135_1753130823.jpg,0
3666,Plate 1 x 6,7,Light Grey,#A0A5A9,9,https://davidlilien.github.io/images_giant_booster/image-008-136_1753130823.jpg,0
3666,Plate 1 x 6,14,Yellow,#FAC80A,6,https://davidlilien.github.io/images_giant_booster/image-008-137_1753130823.jpg,0
3666,Plate 1 x 6,15,White,#FFFFFF,2,https://davidlilien.github.io/images_giant_booster/image-008-138_1753130823.jpg,0
3666,Plate 1 x 6,26,Magenta,#901F76,10,https://davidlilien.github.io/images_giant_booster/image-008-139_1753130823.jpg,0
3673,Technic Pin,7,Light Grey,#A0A5A9,2,https://davidlilien.github.io/images_giant_booster/image-008-140_1753130823.jpg,0
3678b,Slope Brick 65 2 x 2 x 2 with Centre Tube,7,Light Grey,#A0A5A9,2,https://davidlilien.github.io/images_giant_booster/image-008-141_1753130823.jpg,0
3700,Technic Brick 1 x 2 with Hole,1,Blue,#1E5AA8,2,https://davidlilien.github.io/images_giant_booster/image-008-142_1753130823.jpg,0
3700,Technic Brick 1 x 2 with Hole,4,Red,#B40000,4,https://davidlilien.github.io/images_giant_booster/image-008-143_1753130823.jpg,0
3700,Technic Brick 1 x 2 with Hole,14,Yellow,#FAC80A,4,https://davidlilien.github.io/images_giant_booster/image-008-144_1753130823.jpg,0
3700,Technic Brick 1 x 2 with Hole,15,White,#FFFFFF,4,https://davidlilien.github.io/images_giant_booster/image-008-145_1753130823.jpg,0
3700,Technic Brick 1 x 2 with Hole,25,Orange,#D67923,2,https://davidlilien.github.io/images_giant_booster/image-008-146_1753130823.jpg,0
3701,Technic Brick 1 x 4 with Holes,4,Red,#B40000,3,https://davidlilien.github.io/images_giant_booster/image-008-147_1753130823.jpg,0
3701,Technic Brick 1 x 4 with Holes,14,Yellow,#FAC80A,1,https://davidlilien.github.io/images_giant_booster/image-008-148_1753130823.jpg,0
3702,Technic Brick 1 x 8 with Holes,14,Yellow,#FAC80A,3,https://davidlilien.github.io/images_giant_booster/image-008-149_1753130823.jpg,0
3705,Technic Axle 4,0,Black,#1B2A34,3,https://davidlilien.github.io/images_giant_booster/image-008-150_1753130823.jpg,0
3706,Technic Axle 6,0,Black,#1B2A34,3,https://davidlilien.github.io/images_giant_booster/image-008-151_1753130823.jpg,0
3707,Technic Axle 8,0,Black,#1B2A34,10,https://davidlilien.github.io/images_giant_booster/image-008-152_1753130823.jpg,0
3710,Plate 1 x 4,0,Black,#1B2A34,47,https://davidlilien.github.io/images_giant_booster/image-008-153_1753130823.jpg,0
3710,Plate 1 x 4,4,Red,#B40000,8,https://davidlilien.github.io/images_giant_booster/image-009-154_1753130823.jpg,0
3710,Plate 1 x 4,5,Dark Pink,#D3359D,10,https://davidlilien.github.io/images_giant_booster/image-009-155_1753130823.jpg,0
3710,Plate 1 x 4,7,Light Grey,#A0A5A9,3,https://davidlilien.github.io/images_giant_booster/image-009-156_1753130823.jpg,0
3710,Plate 1 x 4,8,Dark Grey,#6D6E68,20,https://davidlilien.github.io/images_giant_booster/image-009-157_1753130823.jpg,0
3710,Plate 1 x 4,14,Yellow,#FAC80A,5,https://davidlilien.github.io/images_giant_booster/image-009-158_1753130823.jpg,0
3710,Plate 1 x 4,15,White,#FFFFFF,10,https://davidlilien.github.io/images_giant_booster/image-009-159_1753130823.jpg,0
3710,Plate 1 x 4,25,Orange,#D67923,8,https://davidlilien.github.io/images_giant_booster/image-009-160_1753130823.jpg,0
3713,Technic Bush with Two Flanges,7,Light Grey,#A0A5A9,6,https://davidlilien.github.io/images_giant_booster/image-009-161_1753130823.jpg,0
3738,Technic Plate 2 x 8 with Holes,0,Black,#1B2A34,1,https://davidlilien.github.io/images_giant_booster/image-009-162_1753130823.jpg,0
3747,Slope Brick 33 3 x 2 Inverted with Ribs between Studs,4,Red,#B40000,4,https://davidlilien.github.io/images_giant_booster/image-009-163_1753130823.jpg,0
3794,Plate 1 x 2 with Groove with 1 Centre Stud,14,Yellow,#FAC80A,4,https://davidlilien.github.io/images_giant_booster/image-009-164_1753130823.jpg,0
3794,Plate 1 x 2 with Groove with 1 Centre Stud,15,White,#FFFFFF,6,https://davidlilien.github.io/images_giant_booster/image-009-165_1753130823.jpg,0
3795,Plate 2 x 6,0,Black,#1B2A34,7,https://davidlilien.github.io/images_giant_booster/image-009-166_1753130823.jpg,0
3795,Plate 2 x 6,4,Red,#B40000,32,https://davidlilien.github.io/images_giant_booster/image-009-167_1753130823.jpg,0
3795,Plate 2 x 6,7,Light Grey,#A0A5A9,24,https://davidlilien.github.io/images_giant_booster/image-009-168_1753130823.jpg,0
3795,Plate 2 x 6,14,Yellow,#FAC80A,16,https://davidlilien.github.io/images_giant_booster/image-009-169_1753130823.jpg,0
3795,Plate 2 x 6,15,White,#FFFFFF,73,https://davidlilien.github.io/images_giant_booster/image-009-170_1753130823.jpg,0
3795,Plate 2 x 6,25,Orange,#D67923,4,https://davidlilien.github.io/images_giant_booster/image-009-171_1753130823.jpg,0
3795,Plate 2 x 6,26,Magenta,#901F76,6,https://davidlilien.github.io/images_giant_booster/image-010-173_1753130823.jpg,0
3821,Door 1 x 3 x 1 Right,4,Red,#B40000,2,https://davidlilien.github.io/images_giant_booster/image-010-174_1753130823.jpg,0
3822,Door 1 x 3 x 1 Left,4,Red,#B40000,2,https://davidlilien.github.io/images_giant_booster/image-010-175_1753130823.jpg,0
3823,Windscreen 2 x 4 x 2,47,Trans Clear,#E1D5ED,4,https://davidlilien.github.io/images_giant_booster/image-010-176_1753130823.jpg,0
3828,Car Steering Wheel,0,Black,#1B2A34,2,https://davidlilien.github.io/images_giant_booster/image-010-177_1753130823.jpg,0
3829,Car Steering Wheel Stand,15,White,#FFFFFF,2,https://davidlilien.github.io/images_giant_booster/image-010-178_1753130823.jpg,0
3830,Hinge Brick 1 x 4 Top,15,White,#FFFFFF,2,https://davidlilien.github.io/images_giant_booster/image-010-179_1753130823.jpg,0
3831,Hinge Brick 1 x 4 Base,15,White,#FFFFFF,2,https://davidlilien.github.io/images_giant_booster/image-010-180_1753130823.jpg,0
3894,Technic Brick 1 x 6 with Holes,4,Red,#B40000,3,https://davidlilien.github.io/images_giant_booster/image-010-181_1753130823.jpg,0
3894,Technic Brick 1 x 6 with Holes,14,Yellow,#FAC80A,2,https://davidlilien.github.io/images_giant_booster/image-010-182_1753130823.jpg,0
3894,Technic Brick 1 x 6 with Holes,15,White,#FFFFFF,1,https://davidlilien.github.io/images_giant_booster/image-010-183_1753130823.jpg,0
3941,Brick 2 x 2 Round without Reinforcement,4,Red,#B40000,12,https://davidlilien.github.io/images_giant_booster/image-010-184_1753130823.jpg,0
3960,Dish 4 x 4 Inverted,0,Black,#1B2A34,2,https://davidlilien.github.io/images_giant_booster/image-010-185_1753130823.jpg,0
4019,Technic Gear 16 Tooth,7,Light Grey,#A0A5A9,2,https://davidlilien.github.io/images_giant_booster/image-010-186_1753130823.jpg,0
4032,Plate 2 x 2 Round with Axlehole,4,Red,#B40000,1,https://davidlilien.github.io/images_giant_booster/image-010-187_1753130823.jpg,0
4032,Plate 2 x 2 Round with Axlehole,8,Dark Grey,#6D6E68,5,https://davidlilien.github.io/images_giant_booster/image-010-188_1753130823.jpg,0
4079,Minifig Seat 2 x 2,6,Brown,#582A12,5,https://davidlilien.github.io/images_giant_booster/image-010-189_1753130823.jpg,0
4079,Minifig Seat 2 x 2,14,Yellow,#FAC80A,16,https://davidlilien.github.io/images_giant_booster/image-011-190_1753130823.jpg,0
4162,Tile 1 x 8,0,Black,#1B2A34,8,https://davidlilien.github.io/images_giant_booster/image-011-191_1753130823.jpg,0
4162,Tile 1 x 8,4,Red,#B40000,11,https://davidlilien.github.io/images_giant_booster/image-011-192_1753130823.jpg,0
4162,Tile 1 x 8,7,Light Grey,#A0A5A9,6,https://davidlilien.github.io/images_giant_booster/image-011-193_1753130823.jpg,0
4162,Tile 1 x 8,14,Yellow,#FAC80A,8,https://davidlilien.github.io/images_giant_booster/image-011-194_1753130823.jpg,0
4162,Tile 1 x 8,15,White,#FFFFFF,2,https://davidlilien.github.io/images_giant_booster/image-011-195_1753130823.jpg,0
4274,Technic Pin 1/2,7,Light Grey,#A0A5A9,7,https://davidlilien.github.io/images_giant_booster/image-011-196_1753130823.jpg,0
4275,Hinge Plate 1 x 2 with 3 Fingers and Hollow Studs,4,Red,#B40000,2,https://davidlilien.github.io/images_giant_booster/image-011-197_1753130823.jpg,0
4276,Hinge Plate 1 x 2 with 2 Fingers and Hollow Studs,4,Red,#B40000,2,https://davidlilien.github.io/images_giant_booster/image-011-198_1753130823.jpg,0
4286,Slope Brick 33 3 x 1,4,Red,#B40000,2,https://davidlilien.github.io/images_giant_booster/image-011-199_1753130823.jpg,0
4286,Slope Brick 33 3 x 1,14,Yellow,#FAC80A,1,https://davidlilien.github.io/images_giant_booster/image-011-200_1753130823.jpg,0
4287,Slope Brick 33 3 x 1 Inverted with Notch and Thick Front,4,Red,#B40000,10,https://davidlilien.github.io/images_giant_booster/image-011-201_1753130823.jpg,0
4287,Slope Brick 33 3 x 1 Inverted with Notch and Thick Front,14,Yellow,#FAC80A,5,https://davidlilien.github.io/images_giant_booster/image-011-202_1753130823.jpg,0
44301,Hinge Plate 1 x 2 Locking with Single Finger on End Vertical,7,Light Grey,#A0A5A9,2,https://davidlilien.github.io/images_giant_booster/image-011-203_1753130823.jpg,0
44302,Hinge Plate 1 x 2 Locking with Dual Finger on End Vertical,15,White,#FFFFFF,2,https://davidlilien.github.io/images_giant_booster/image-011-204_1753130823.jpg,0
44728,Bracket 1 x 2 - 2 x 2,14,Yellow,#FAC80A,2,https://davidlilien.github.io/images_giant_booster/image-011-205_1753130823.jpg,0
4477,Plate 1 x 10,14,Yellow,#FAC80A,2,https://davidlilien.github.io/images_giant_booster/image-011-206_1753130823.jpg,0
4519,Technic Axle 3,0,Black,#1B2A34,7,https://davidlilien.github.io/images_giant_booster/image-011-207_1753130823.jpg,0
4532,Container Cupboard 2 x 3 x 2 with Solid Studs,4,Red,#B40000,4,https://davidlilien.github.io/images_giant_booster/image-012-208_1753130823.jpg,0
4533,Container Cupboard 2 x 3 x 2 Door,8,Dark Grey,#6D6E68,4,https://davidlilien.github.io/images_giant_booster/image-012-209_1753130823.jpg,0
4592,Hinge Control Stick Base,15,White,#FFFFFF,2,https://davidlilien.github.io/images_giant_booster/image-012-210_1753130823.jpg,0
4593,Hinge Control Stick,0,Black,#1B2A34,2,https://davidlilien.github.io/images_giant_booster/image-012-211_1753130823.jpg,0
4624,Wheel Rim 6.4 x 8,7,Light Grey,#A0A5A9,4,https://davidlilien.github.io/images_giant_booster/image-012-212_1753130823.jpg,0
4740,Dish 2 x 2 Inverted,0,Black,#1B2A34,8,https://davidlilien.github.io/images_giant_booster/image-012-213_1753130823.jpg,0
48336,Plate 1 x 2 with Handle Type 2,4,Red,#B40000,2,https://davidlilien.github.io/images_giant_booster/image-012-214_1753130823.jpg,0
48336,Plate 1 x 2 with Handle Type 2,14,Yellow,#FAC80A,4,https://davidlilien.github.io/images_giant_booster/image-012-215_1753130823.jpg,0
50950,Slope Brick Curved 3 x 1,0,Black,#1B2A34,4,https://davidlilien.github.io/images_giant_booster/image-012-216_1753130823.jpg,0
54200,Slope Brick 31 1 x 1 x 0.667,47,Trans Clear,#E1D5ED,8,https://davidlilien.github.io/images_giant_booster/image-012-217_1753130823.jpg,0
54200,Slope Brick 31 1 x 1 x 0.667,57,Trans Orange,#D67923,8,https://davidlilien.github.io/images_giant_booster/image-012-218_1753130823.jpg,0
55013,Technic Axle 8 with Stop,8,Dark Grey,#6D6E68,3,https://davidlilien.github.io/images_giant_booster/image-012-219_1753130823.jpg,0
56902,Wheel Rim 8 x 18 with Deep Centre Groove and Peghole,7,Light Grey,#A0A5A9,10,https://davidlilien.github.io/images_giant_booster/image-012-220_1753130823.jpg,0
58120,Electric Power Functions Medium Motor,7,Light Grey,#A0A5A9,1,https://davidlilien.github.io/images_giant_booster/image-012-221_1753130823.jpg,0
58123,Electric Power Functions IR Receiver,7,Light Grey,#A0A5A9,1,https://davidlilien.github.io/images_giant_booster/image-012-222_1753130823.jpg,0
60656,Electric Power Functions Extension (20cm),8,Dark Grey,#6D6E68,1,https://davidlilien.github.io/images_giant_booster/image-012-223_1753130823.jpg,0
64227,Electric Power Functions IR Handset Incremental (Complete),7,Light Grey,#A0A5A9,1,https://davidlilien.github.io/images_giant_booster/image-012-224_1753130823.jpg,0
58119,Electric Power Functions 9V Battery Box (Complete),7,Light Gray,#A0A5A9,1,https://davidlilien.github.io/images_giant_booster/image-013-225_1753130823.jpg,0
59443,Technic Axle Joiner Inline Smooth,7,Light Grey,#A0A5A9,16,https://davidlilien.github.io/images_giant_booster/image-013-226_1753130823.jpg,0
59895,Tyre 4/80 x 8 Single Smooth Type 2,0,Black,#1B2A34,4,https://davidlilien.github.io/images_giant_booster/image-013-227_1753130823.jpg,0
6014,Wheel Rim 11.2 x 10.4,15,White,#FFFFFF,14,https://davidlilien.github.io/images_giant_booster/image-013-228_1753130823.jpg,0
6015,Tyre 12/40 x 11 Wide,0,Black,#1B2A34,14,https://davidlilien.github.io/images_giant_booster/image-013-229_1753130823.jpg,0
6016,Bar 1 x 4 x 3 Window,7,Light Grey,#A0A5A9,2,https://davidlilien.github.io/images_giant_booster/image-013-230_1753130823.jpg,0
6020,Bar 7 x 3 with Double Clips,7,Light Grey,#A0A5A9,2,https://davidlilien.github.io/images_giant_booster/image-013-231_1753130823.jpg,0
60470,Plate 1 x 2 with 2 Clips Horizontal (Thick C-Clips),7,Light Grey,#A0A5A9,4,https://davidlilien.github.io/images_giant_booster/image-013-232_1753130823.jpg,0
60470,Plate 1 x 2 with 2 Clips Horizontal (Thick C-Clips),14,Yellow,#FAC80A,1,https://davidlilien.github.io/images_giant_booster/image-013-233_1753130823.jpg,0
60478,Plate 1 x 2 with Handle on End,4,Red,#B40000,12,https://davidlilien.github.io/images_giant_booster/image-013-234_1753130823.jpg,0
60478,Plate 1 x 2 with Handle on End,14,Yellow,#FAC80A,4,https://davidlilien.github.io/images_giant_booster/image-013-235_1753130823.jpg,0
60483,Technic Beam 2 Liftarm,8,Dark Grey,#6D6E68,4,https://davidlilien.github.io/images_giant_booster/image-013-236_1753130823.jpg,0
60581,Panel 1 x 4 x 3 Reinforced,47,Trans Clear,#E1D5ED,5,https://davidlilien.github.io/images_giant_booster/image-013-237_1753130823.jpg,0
6141,Plate 1 x 1 Round,0,Black,#1B2A34,20,https://davidlilien.github.io/images_giant_booster/image-013-238_1753130823.jpg,0
6141,Plate 1 x 1 Round,33,Trans Dark Blue,#0055BF,20,https://davidlilien.github.io/images_giant_booster/image-013-239_1753130823.jpg,0
6141,Plate 1 x 1 Round,35,Trans Bright Green,#237841,18,https://davidlilien.github.io/images_giant_booster/image-013-240_1753130823.jpg,0
6141,Plate 1 x 1 Round,36,Trans Red,#FF0000,30,https://davidlilien.github.io/images_giant_booster/image-013-241_1753130823.jpg,0
6141,Plate 1 x 1 Round,37,Trans Dark Pink,#DF6695,24,https://davidlilien.github.io/images_giant_booster/image-013-242_1753130823.jpg,0
6141,Plate 1 x 1 Round,39,Trans Very Light Blue,#9FC3E9,20,https://davidlilien.github.io/images_giant_booster/image-013-243_1753130823.jpg,0
6141,Plate 1 x 1 Round,42,Trans Neon Green,#A5CA18,52,https://davidlilien.github.io/images_giant_booster/image-013-244_1753130823.jpg,0
6141,Plate 1 x 1 Round,46,Trans Yellow,#FAC80A,2,https://davidlilien.github.io/images_giant_booster/image-013-245_1753130823.jpg,0
6141,Plate 1 x 1 Round,47,Trans Clear,#E1D5ED,36,https://davidlilien.github.io/images_giant_booster/image-014-246_1753130823.jpg,0
6141,Plate 1 x 1 Round,52,Trans Purple,#901F76,28,https://davidlilien.github.io/images_giant_booster/image-014-247_1753130823.jpg,0
6141,Plate 1 x 1 Round,57,Trans Orange,#D67923,1,https://davidlilien.github.io/images_giant_booster/image-014-248_1753130823.jpg,0
62519,Technic Universal Joint 3L,7,Light Grey,#A0A5A9,10,https://davidlilien.github.io/images_giant_booster/image-014-249_1753130823.jpg,0
63868,Plate 1 x 2 with Clip Horizontal on End (Thick C-Clip),4,Red,#B40000,2,https://davidlilien.github.io/images_giant_booster/image-014-250_1753130823.jpg,0
63868,Plate 1 x 2 with Clip Horizontal on End (Thick C-Clip),7,Light Grey,#A0A5A9,4,https://davidlilien.github.io/images_giant_booster/image-014-251_1753130823.jpg,0
63868,Plate 1 x 2 with Clip Horizontal on End (Thick C-Clip),14,Yellow,#FAC80A,8,https://davidlilien.github.io/images_giant_booster/image-014-252_1753130823.jpg,0
63868,Plate 1 x 2 with Clip Horizontal on End (Thick C-Clip),15,White,#FFFFFF,8,https://davidlilien.github.io/images_giant_booster/image-014-253_1753130823.jpg,0
6541,Technic Brick 1 x 1 with Hole,15,White,#FFFFFF,2,https://davidlilien.github.io/images_giant_booster/image-014-254_1753130823.jpg,0
6587,Technic Axle 3 with Stud,8,Dark Grey,#6D6E68,2,https://davidlilien.github.io/images_giant_booster/image-014-255_1753130823.jpg,0
6632,Technic Beam 3 x 0.5 Liftarm,15,White,#FFFFFF,15,https://davidlilien.github.io/images_giant_booster/image-014-256_1753130823.jpg,0
6636,Tile 1 x 6,4,Red,#B40000,13,https://davidlilien.github.io/images_giant_booster/image-014-257_1753130823.jpg,0
6636,Tile 1 x 6,14,Yellow,#FAC80A,1,https://davidlilien.github.io/images_giant_booster/image-014-258_1753130823.jpg,0
76019,Technic Gear 24 Tooth Clutch with DkGray Center,0,Black,#1B2A34,4,https://davidlilien.github.io/images_giant_booster/image-014-259_1753130823.jpg,0
85984,Slope Brick 31 1 x 2 x 0.667,4,Red,#B40000,4,https://davidlilien.github.io/images_giant_booster/image-014-260_1753130823.jpg,0
85984,Slope Brick 31 1 x 2 x 0.667,14,Yellow,#FAC80A,4,https://davidlilien.github.io/images_giant_booster/image-014-261_1753130823.jpg,0
85984,Slope Brick 31 1 x 2 x 0.667,14,Yellow,#FAC80A,3,https://davidlilien.github.io/images_giant_booster/image-014-262_1753130823.jpg,0
87079,Tile 2 x 4 with Groove,8,Dark Grey,#6D6E68,7,https://davidlilien.github.io/images_giant_booster/image-014-263_1753130823.jpg,0
87083,Technic Axle 4 with Stop,0,Black,#1B2A34,4,https://davidlilien.github.io/images_giant_booster/image-014-264_1753130823.jpg,0
93273,Slope Brick Curved 4 x 1 Double,4,Red,#B40000,2,https://davidlilien.github.io/images_giant_booster/image-014-265_1753130823.jpg,0
93273,Slope Brick Curved 4 x 1 Double,4,Red,#B40000,2,https://davidlilien.github.io/images_giant_booster/image-015-266_1753130823.jpg,0
98138,Tile 1 x 1 Round with Groove,36,Trans Red,#FF0000,1,https://davidlilien.github.io/images_giant_booster/image-015-267_1753130823.jpg,0
98263,Plate 1 x 4 with Socket Joint-8 Square,7,Light Grey,#A0A5A9,1,https://davidlilien.github.io/images_giant_booster/image-015-268_1753130823.jpg,0
99499,Electric Power Functions Large Motor,7,Light Grey,#A0A5A9,6,https://davidlilien.github.io/images_giant_booster/image-015-269_1753130823.jpg,0
99780,Bracket 1 x 2 - 1 x 2 Up,14,Yellow,#FAC80A,3,https://davidlilien.github.io/images_giant_booster/image-015-270_1753130823.jpg,0
99780,Bracket 1 x 2 - 1 x 2 Up,15,White,#FFFFFF,,https://davidlilien.github.io/images_giant_booster/image-015-271_1753130823.jpg,0
