part_number,description,color_code,color_name,quantity,image_file
x77cc250,String Cord Medium Thickness 250cm,0,Black,1,x77cc250_Black.png
x77cc400,String Cord Medium Thickness 400cm,0,Black,1,x77cc400_Black.png
11458,Plate 1 x 2 with Offset Peghole,4,Red,4,11458_Red.png
11476,Plate 1 x 2 with Clip Horizontal on Side (Thick C-Clip),15,White,16,11476_White.png
10928,Technic Gear 8 Tooth Reinforced,8,Dark Gray,5,10928_Dark_Gray.png
14769,Tile 2 x 2 Round with Round Underside Stud,15,White,1,14769_White.png
15462,Technic Axle 5 with Stop,6,Brown,2,15462_Brown.png
15573,Plate 1 x 2 with Groove with 1 Centre Stud,1,Blue,19,15573_Blue.png
15573,Plate 1 x 2 with Groove with 1 Centre Stud,4,Red,6,15573_Red.png
2412b,Tile 1 x 2 Grille with Groove,1,Blue,12,2412b_Blue.png
2412b,Tile 1 x 2 Grille with Groove,4,Red,4,2412b_Red.png
2412b,Tile 1 x 2 Grille with Groove,14,Yellow,14,2412b_Yellow.png
2420,Plate 2 x 2 Corner,1,Blue,14,2420_Blue.png
2420,Plate 2 x 2 Corner,4,Red,4,2420_Red.png
2420,Plate 2 x 2 Corner,7,Light Gray,2,2420_Light_Gray.png
2420,Plate 2 x 2 Corner,14,Yellow,4,2420_Yellow.png
24201,Slope Brick Curved 2 x 1 Inverted,7,Light Gray,6,24201_Light_Gray.png
2429,Hinge Plate 1 x 4 Base,1,Blue,14,2429_Blue.png
2429,Hinge Plate 1 x 4 Base,4,Red,8,2429_Red.png
2429,Hinge Plate 1 x 4 Base,14,Yellow,8,2429_Yellow.png
2430,Hinge Plate 1 x 4 Top,1,Blue,14,2430_Blue.png
2430,Hinge Plate 1 x 4 Top,4,Red,8,2430_Red.png
2430,Hinge Plate 1 x 4 Top,14,Yellow,8,2430_Yellow.png
2431,Tile 1 x 4 with Groove,1,Blue,24,2431_Blue.png
2431,Tile 1 x 4 with Groove,4,Red,8,2431_Red.png
2431,Tile 1 x 4 with Groove,7,Light Gray,2,2431_Light_Gray.png
2431,Tile 1 x 4 with Groove,14,Yellow,9,2431_Yellow.png
2431,Tile 1 x 4 with Groove,15,White,12,2431_White.png
24316,Technic Axle 3 with Stop,6,Brown,10,24316_Brown.png
2436,Bracket 1 x 2 - 1 x 4 with Rounded Corners,0,Black,84,2436_Black.png
2436,Bracket 1 x 2 - 1 x 4 with Rounded Corners,4,Red,3,2436_Red.png
2436,Bracket 1 x 2 - 1 x 4 with Rounded Corners,14,Yellow,2,2436_Yellow.png
2444,Plate 2 x 2 with Hole and Split Underside Ribs,14,Yellow,32,2444_Yellow.png
2444,Plate 2 x 2 with Hole and Split Underside Ribs,15,White,12,2444_White.png
2450,Plate 3 x 3 without Corner,4,Red,10,2450_Red.png
2454,Brick 1 x 2 x 5,4,Red,4,2454_Red.png
2465,Brick 1 x 16,15,White,4,2465_White.png
2486,Bar 1 x 8 x 2,4,Red,2,2486_Red.png
2486,Bar 1 x 8 x 2,14,Yellow,7,2486_Yellow.png
2508,Plate 1 x 2 with 3L Extension and Towball,14,Yellow,1,2508_Yellow.png
2508,Plate 1 x 2 with 3L Extension and Towball,15,White,2,2508_White.png
2540,Plate 1 x 2 with Handle,4,Red,2,2540_Red.png
2540,Plate 1 x 2 with Handle,8,Dark Gray,20,2540_Dark_Gray.png
2540,Plate 1 x 2 with Handle,14,Yellow,20,2540_Yellow.png
2654,Dish 2 x 2,1,Blue,8,2654_Blue.png
2654,Dish 2 x 2,4,Red,6,2654_Red.png
2654,Dish 2 x 2,15,White,1,2654_White.png
2780,Technic Pin with Friction and Slots,0,Black,22,2780_Black.png
2825,Technic Beam 4 x 0.5 Liftarm with Boss,15,White,4,2825_White.png
2926,Plate 1 x 4 with 2 Wheel Pins,0,Black,26,2926_Black.png
3001,Brick 2 x 4,1,Blue,6,3001_Blue.png
3001,Brick 2 x 4,15,White,3,3001_White.png
3002,Brick 2 x 3,1,Blue,10,3002_Blue.png
3003,Brick 2 x 2,1,Blue,16,3003_Blue.png
3003,Brick 2 x 2,4,Red,1,3003_Red.png
3004,Brick 1 x 2,1,Blue,38,3004_Blue.png
3004,Brick 1 x 2,4,Red,6,3004_Red.png
3005,Brick 1 x 1,15,White,2,3005_White.png
3009,Brick 1 x 6,1,Blue,116,3009_Blue.png
3009,Brick 1 x 6,4,Red,4,3009_Red.png
3009,Brick 1 x 6,14,Yellow,4,3009_Yellow.png
3009,Brick 1 x 6,15,White,11,3009_White.png
3010,Brick 1 x 4,1,Blue,64,3010_Blue.png
3010,Brick 1 x 4,4,Red,20,3010_Red.png
3010,Brick 1 x 4,7,Light Gray,1,3010_Light_Gray.png
3010,Brick 1 x 4,14,Yellow,10,3010_Yellow.png
3010,Brick 1 x 4,15,White,19,3010_White.png
30162,Minifig Binoculars with Round Eyepiece,8,Dark Gray,6,30162_Dark_Gray.png
3020,Plate 2 x 4,0,Black,17,3020_Black.png
3020,Plate 2 x 4,1,Blue,207,3020_Blue.png
3020,Plate 2 x 4,4,Red,16,3020_Red.png
3020,Plate 2 x 4,7,Light Gray,7,3020_Light_Gray.png
3020,Plate 2 x 4,14,Yellow,71,3020_Yellow.png
3020,Plate 2 x 4,15,White,53,3020_White.png
3021,Plate 2 x 3,0,Black,1,3021_Black.png
3021,Plate 2 x 3,1,Blue,30,3021_Blue.png
3021,Plate 2 x 3,4,Red,10,3021_Red.png
3021,Plate 2 x 3,7,Light Gray,3,3021_Light_Gray.png
3021,Plate 2 x 3,14,Yellow,8,3021_Yellow.png
3022,Plate 2 x 2,0,Black,26,3022_Black.png
3022,Plate 2 x 2,1,Blue,8,3022_Blue.png
3022,Plate 2 x 2,4,Red,2,3022_Red.png
3022,Plate 2 x 2,7,Light Gray,1,3022_Light_Gray.png
3022,Plate 2 x 2,14,Yellow,29,3022_Yellow.png
3022,Plate 2 x 2,15,White,8,3022_White.png
3022,Plate 2 x 2,19,Tan,2,3022_Tan.png
3023,Plate 1 x 2,0,Black,12,3023_Black.png
3023,Plate 1 x 2,1,Blue,45,3023_Blue.png
3023,Plate 1 x 2,4,Red,8,3023_Red.png
3023,Plate 1 x 2,7,Light Gray,7,3023_Light_Gray.png
3023,Plate 1 x 2,14,Yellow,12,3023_Yellow.png
3023,Plate 1 x 2,15,White,24,3023_White.png
3023,Plate 1 x 2,19,Tan,6,3023_Tan.png
3024,Plate 1 x 1,4,Red,4,3024_Red.png
3031,Plate 4 x 4,8,Dark Gray,1,3031_Dark_Gray.png
3032,Plate 4 x 6,1,Blue,12,3032_Blue.png
3032,Plate 4 x 6,4,Red,3,3032_Red.png
3032,Plate 4 x 6,8,Dark Gray,54,3032_Dark_Gray.png
3032,Plate 4 x 6,14,Yellow,2,3032_Yellow.png
3034,Plate 2 x 8,1,Blue,7,3034_Blue.png
3034,Plate 2 x 8,4,Red,6,3034_Red.png
3034,Plate 2 x 8,14,Yellow,2,3034_Yellow.png
30357,Plate 3 x 3 Corner Round,14,Yellow,4,30357_Yellow.png
30374,Bar 4L Light Sabre Blade,15,White,2,30374_White.png
30377,Minifig Mechanical Arm,8,Dark Gray,40,30377_Dark_Gray.png
3039,Slope Brick 45 2 x 2,1,Blue,22,3039_Blue.png
3039,Slope Brick 45 2 x 2,4,Red,16,3039_Red.png
3039,Slope Brick 45 2 x 2,7,Light Gray,3,3039_Light_Gray.png
3040b,Slope Brick 45 2 x 1,1,Blue,24,3040b_Blue.png
3040b,Slope Brick 45 2 x 1,15,White,6,3040b_White.png
30414,Brick 1 x 4 with Studs on Side,1,Blue,3,30414_Blue.png
30602,Slope Brick Curved Top 2 x 2 x 1,15,White,2,30602_White.png
3062b,Brick 1 x 1 Round with Hollow Stud,1,Blue,8,3062b_Blue.png
3065,Brick 1 x 2 without Centre Stud,36,Trans Red,16,3065_Trans_Red.png
3068b,Tile 2 x 2 with Groove,1,Blue,22,3068b_Blue.png
3068b,Tile 2 x 2 with Groove,4,Red,6,3068b_Red.png
3068b,Tile 2 x 2 with Groove,7,Light Gray,2,3068b_Light_Gray.png
3068b,Tile 2 x 2 with Groove,14,Yellow,61,3068b_Yellow.png
3068b,Tile 2 x 2 with Groove,15,White,26,3068b_White.png
3069b,Tile 1 x 2 with Groove,1,Blue,7,3069b_Blue.png
3069b,Tile 1 x 2 with Groove,4,Red,4,3069b_Red.png
3069b,Tile 1 x 2 with Groove,7,Light Gray,4,3069b_Light_Gray.png
3069b,Tile 1 x 2 with Groove,14,Yellow,20,3069b_Yellow.png
3069b,Tile 1 x 2 with Groove,15,White,29,3069b_White.png
3185,Fence Lattice 1 x 4 x 2,14,Yellow,12,3185_Yellow.png
32062,Technic Axle 2 Notched,0,Black,6,32062_Black.png
32064,Technic Brick 1 x 2 with Axlehole Type 2,1,Blue,8,32064_Blue.png
32064,Technic Brick 1 x 2 with Axlehole Type 2,15,White,4,32064_White.png
32123,Technic Bush 1/2 Smooth,7,Light Gray,9,32123_Light_Gray.png
32269,Technic Gear 20 Tooth Double Bevel,19,Tan,1,32269_Tan.png
32270,Technic Gear 12 Tooth Double Bevel,0,Black,4,32270_Black.png
32524,Technic Beam 7,8,Dark Gray,3,32524_Dark_Gray.png
3298,Slope Brick 33 3 x 2,1,Blue,12,3298_Blue.png
3298,Slope Brick 33 3 x 2,4,Red,12,3298_Red.png
3460,Plate 1 x 8,0,Black,4,3460_Black.png
3460,Plate 1 x 8,1,Blue,14,3460_Blue.png
3460,Plate 1 x 8,4,Red,24,3460_Red.png
3460,Plate 1 x 8,14,Yellow,28,3460_Yellow.png
3460,Plate 1 x 8,15,White,10,3460_White.png
3482,Wheel Rim 8 x 17.5 with Axlehole,15,White,3,3482_White.png
3483,Tyre 7/ 56 x 17 Offset Tread,0,Black,12,3483_Black.png
3623,Plate 1 x 3,0,Black,8,3623_Black.png
3623,Plate 1 x 3,1,Blue,6,3623_Blue.png
3623,Plate 1 x 3,4,Red,8,3623_Red.png
3623,Plate 1 x 3,14,Yellow,6,3623_Yellow.png
3623,Plate 1 x 3,15,White,6,3623_White.png
3648,Technic Gear 24 Tooth,8,Dark Gray,3,3648_Dark_Gray.png
3660,Slope Brick 45 2 x 2 Inverted,1,Blue,13,3660_Blue.png
3665,Slope Brick 45 2 x 1 Inverted without Inner Stopper Ring,1,Blue,20,3665_Blue.png
3665,Slope Brick 45 2 x 1 Inverted with Inner Stopper Ring,15,White,2,3665_White.png
3666,Plate 1 x 6,0,Black,390,3666_Black.png
3666,Plate 1 x 6,1,Blue,87,3666_Blue.png
3666,Plate 1 x 6,4,Red,6,3666_Red.png
3666,Plate 1 x 6,5,Dark Pink,4,3666_Dark_Pink.png
3666,Plate 1 x 6,7,Light Gray,6,3666_Light_Gray.png
3666,Plate 1 x 6,14,Yellow,38,3666_Yellow.png
3666,Plate 1 x 6,15,White,27,3666_White.png
3666,Plate 1 x 6,25,Orange,6,3666_Orange.png
3666,Plate 1 x 6,26,Magenta,4,3666_Magenta.png
3673,Technic Pin,7,Light Gray,12,3673_Light_Gray.png
3678b,Slope Brick 65 2 x 2 x 2 with Centre Tube,7,Light Gray,4,3678b_Light_Gray.png
3679,Turntable 2 x 2 Plate Top,7,Light Gray,2,3679_Light_Gray.png
3680,Turntable 2 x 2 Plate Base,15,White,2,3680_White.png
3700,Technic Brick 1 x 2 with Hole,1,Blue,8,3700_Blue.png
3700,Technic Brick 1 x 2 with Hole,15,White,4,3700_White.png
3701,Technic Brick 1 x 4 with Holes,1,Blue,12,3701_Blue.png
3701,Technic Brick 1 x 4 with Holes,7,Light Gray,4,3701_Light_Gray.png
3701,Technic Brick 1 x 4 with Holes,15,White,3,3701_White.png
3702,Technic Brick 1 x 8 with Holes,1,Blue,2,3702_Blue.png
3702,Technic Brick 1 x 8 with Holes,15,White,6,3702_White.png
3705,Technic Axle 4,0,Black,14,3705_Black.png
3706,Technic Axle 6,0,Black,6,3706_Black.png
3707,Technic Axle 8,0,Black,2,3707_Black.png
3709b,Technic Plate 2 x 4 with Holes,1,Blue,2,3709b_Blue.png
3710,Plate 1 x 4,0,Black,13,3710_Black.png
3710,Plate 1 x 4,1,Blue,90,3710_Blue.png
3710,Plate 1 x 4,4,Red,32,3710_Red.png
3710,Plate 1 x 4,7,Light Gray,11,3710_Light_Gray.png
3710,Plate 1 x 4,14,Yellow,32,3710_Yellow.png
3710,Plate 1 x 4,15,White,14,3710_White.png
3713,Technic Bush with Two Flanges,7,Light Gray,14,3713_Light_Gray.png
3737,Technic Axle 10,0,Black,2,3737_Black.png
3747b,Slope Brick 33 3 x 2 Inverted with Ribs between Studs,1,Blue,4,3747b_Blue.png
3749,Technic Axle Pin,19,Tan,6,3749_Tan.png
3795,Plate 2 x 6,0,Black,4,3795_Black.png
3795,Plate 2 x 6,1,Blue,29,3795_Blue.png
3795,Plate 2 x 6,4,Red,9,3795_Red.png
3795,Plate 2 x 6,7,Light Gray,108,3795_Light_Gray.png
3795,Plate 2 x 6,14,Yellow,43,3795_Yellow.png
3795,Plate 2 x 6,15,White,26,3795_White.png
3795,Plate 2 x 6,19,Tan,2,3795_Tan.png
3795,Plate 2 x 6,25,Orange,19,3795_Orange.png
3821,Door 1 x 3 x 1 Right,1,Blue,3,3821_Blue.png
3822,Door 1 x 3 x 1 Left,1,Blue,3,3822_Blue.png
3823,Windscreen 2 x 4 x 2,47,Trans Clear,6,3823_Trans_Clear.png
3828,Car Steering Wheel,0,Black,3,3828_Black.png
3829a,Car Steering Wheel Stand,15,White,3,3829a_White.png
3894,Technic Brick 1 x 6 with Holes,1,Blue,3,3894_Blue.png
3894,Technic Brick 1 x 6 with Holes,15,White,2,3894_White.png
3943,Cone 4 x 4 x 2 with Axlehole,8,Dark Gray,4,3943_Dark_Gray.png
4032,Plate 2 x 2 Round with Axlehole Type 1,8,Dark Gray,18,4032_Dark_Gray.png
4032,Plate 2 x 2 Round with Axlehole Type 2,1,Blue,2,4032_Blue.png
4032,Plate 2 x 2 Round with Axlehole Type 2,15,White,5,4032_White.png
4079,Minifig Seat 2 x 2,6,Brown,7,4079_Brown.png
4083,Bar 1 x 4 x 2 with Studs,4,Red,12,4083_Red.png
4162,Tile 1 x 8,1,Blue,19,4162_Blue.png
4162,Tile 1 x 8,4,Red,67,4162_Red.png
4162,Tile 1 x 8,7,Light Gray,83,4162_Light_Gray.png
4162,Tile 1 x 8,14,Yellow,96,4162_Yellow.png
4162,Tile 1 x 8,15,White,98,4162_White.png
41677,Technic Beam 2 x 0.5 Liftarm,7,Light Gray,2,41677_Light_Gray.png
41769,Wing 2 x 4 Right,14,Yellow,3,41769_Yellow.png
41770,Wing 2 x 4 Left,14,Yellow,3,41770_Yellow.png
4185,Technic Wedge Belt Wheel,7,Light Gray,1,4185_Light_Gray.png
4274,Technic Pin 1/2,7,Light Gray,16,4274_Light_Gray.png
4286,Slope Brick 33 3 x 1,1,Blue,14,4286_Blue.png
4286,Slope Brick 33 3 x 1,15,White,4,4286_White.png
4287,Slope Brick 33 3 x 1 Inverted,1,Blue,22,4287_Blue.png
4287,Slope Brick 33 3 x 1 Inverted,15,White,4,4287_White.png
4287,Slope Brick 33 3 x 1 Inverted with Notch and Thick Front,4,Red,6,4287_Red.png
43093,Technic Axle Pin with Friction,1,Blue,2,43093_Blue.png
44294,Technic Axle 7,7,Light Gray,2,44294_Light_Gray.png
44301,Hinge Plate 1 x 2 Locking without Groove with Single Finger on End Vertical,4,Red,8,44301_Red.png
44302,Hinge Plate 1 x 2 Locking with Dual Finger on End Vertical without Groove on Short Side,7,Light Gray,2,44302_Light_Gray.png
44567,Hinge Plate 1 x 2 Locking with Single Finger On Side Vertical,7,Light Gray,2,44567_Light_Gray.png
44728,Bracket 1 x 2 - 2 x 2,4,Red,8,44728_Red.png
44728,Bracket 1 x 2 - 2 x 2,14,Yellow,20,44728_Yellow.png
4477,Plate 1 x 10,1,Blue,10,4477_Blue.png
4477,Plate 1 x 10,15,White,6,4477_White.png
4488,Plate 2 x 2 with 1 Wheel Pin,7,Light Gray,6,4488_Light_Gray.png
4519,Technic Axle 3,0,Black,3,4519_Black.png
4533,Container Cupboard 2 x 3 x 2 Door,8,Dark Gray,2,4533_Dark_Gray.png
4592,Hinge Control Stick Base,15,White,3,4592_White.png
4593,Hinge Control Stick,0,Black,3,4593_Black.png
4624,Wheel Rim 6.4 x 8,7,Light Gray,20,4624_Light_Gray.png
4716,Technic Worm Gear,0,Black,1,4716_Black.png
4740,Dish 2 x 2 Inverted,0,Black,8,4740_Black.png
48336,Plate 1 x 2 with Handle Type 2,4,Red,4,48336_Red.png
48336,Plate 1 x 2 with Handle Type 2,14,Yellow,20,48336_Yellow.png
48336,Plate 1 x 2 with Handle Type 2,15,White,2,48336_White.png
4865b,Panel 1 x 2 x 1 with Rounded Corners,1,Blue,2,4865b_Blue.png
50950,Slope Brick Curved 3 x 1,0,Black,6,50950_Black.png
50950,Slope Brick Curved 3 x 1,15,White,4,50950_White.png
54200,Slope Brick 31 1 x 1 x 0.667,1,Blue,2,54200_Blue.png
54200,Slope Brick 31 1 x 1 x 0.667,4,Red,4,54200_Red.png
54200,Slope Brick 31 1 x 1 x 0.667,47,Trans Clear,12,54200_Trans_Clear.png
54200,Slope Brick 31 1 x 1 x 0.667,57,Trans Orange,12,54200_Trans_Orange.png
54383,Wing 3 x 6 Right,7,Light Gray,4,54383_Light_Gray.png
54383,Wing 3 x 6 Right,25,Orange,4,54383_Orange.png
54384,Wing 3 x 6 Left,7,Light Gray,4,54384_Light_Gray.png
54384,Wing 3 x 6 Left,25,Orange,4,54384_Orange.png
44302,Hinge Plate 1 x 2 Locking withdual fingers,4,Red,8,44302_Red.png
55013,Technic Axle 8 with Stop,8,Dark Gray,1,55013_Dark_Gray.png
56902,Wheel Rim 8 x 18 with Deep Centre Groove and Peghole,7,Light Gray,12,56902_Light_Gray.png
58119,Electric Power Functions 9V Battery Box,7,Light Gray,1,58119_Light_Gray.png
58120,Electric Power Functions Medium Motor,7,Light Gray,2,58120_Light_Gray.png
58122,Electric Power Functions IR Remote Control,7,Light Gray,1,58122_Light_Gray.png
58123,Electric Power Functions IR Receiver,7,Light Gray,1,58123_Light_Gray.png
58118,Electric Power Functions Wire 50cm,0,Black,1,58118_Black.png
59443,Technic Axle Joiner Inline Smooth,7,Light Gray,28,59443_Light_Gray.png
59443,Technic Axle Joiner Inline Smooth,14,Yellow,2,59443_Yellow.png
59443,Technic Axle Joiner Inline Smooth,15,White,2,59443_White.png
59895,Tyre 4/ 80 x 8 Single Smooth Type 2,0,Black,12,59895_Black.png
6014,Wheel Rim 11.2 x 10.4,15,White,38,6014_White.png
6015,Tyre 12/ 40 x 11 Wide,0,Black,38,6015_Black.png
60470,Plate 1 x 2 with 2 Clips Horizontal,0,Black,1,60470_Black.png
60470,Plate 1 x 2 with 2 Clips Horizontal,7,Light Gray,1,60470_Light_Gray.png
60470,Plate 1 x 2 with 2 Clips Horizontal,4,Yellow,13,60470_Yellow.png
60478,Plate 1 x 2 with Handle on End,4,Red,10,60478_Red.png
60478,Plate 1 x 2 with Handle on End,7,Light Gray,4,60478_Light_Gray.png
60478,Plate 1 x 2 with Handle on End,14,Yellow,52,60478_Yellow.png
60478,Plate 1 x 2 with Handle on End,15,White,56,60478_White.png
60483,Technic Beam 2 Liftarm,8,Dark Gray,2,60483_Dark_Gray.png
60581,Panel 1 x 4 x 3 with Side Flanges,47,Trans Clear,5,60581_Trans_Clear.png
6141,Plate 1 x 1 Round,0,Black,8,6141_Black.png
6141,Plate 1 x 1 Round,7,Light Gray,8,6141_Light_Gray.png
6141,Plate 1 x 1 Round,33,Trans Dark Blue,40,6141_Trans_Dark_Blue.png
6141,Plate 1 x 1 Round,35,Trans Bright Green,36,6141_Trans_Bright_Green.png
6141,Plate 1 x 1 Round,36,Trans Red,101,6141_Trans_Red.png
6141,Plate 1 x 1 Round,37,Trans Dark Pink,38,6141_Trans_Dark_Pink.png
6141,Plate 1 x 1 Round,39,Trans Very Light Blue,39,6141_Trans_Very_Light_Blue.png
6141,Plate 1 x 1 Round,42,Trans Neon Green,26,6141_Trans_Neon_Green.png
6141,Plate 1 x 1 Round,44,Trans Light Purple,44,6141_Trans_Light_Purple.png
6141,Plate 1 x 1 Round,46,Trans Yellow,80,6141_Trans_Yellow.png
6141,Plate 1 x 1 Round,57,Trans Orange,36,6141_Trans_Orange.png
3941,Brick 2 x 2 Round,1,Blue,4,3941_Blue.png
3941,Brick 2 x 2 Round,15,White,2,3941_White.png
61904,Technic Power Functions Linear Actuator Bracket Hinged Mount,8,Dark Gray,1,61904_Dark_Gray.png
62274c02,Technic Linear Actuator 12 x 2 x 2,8,Light Gray,1,62274c02_Light_Gray.png
63868,Plate 1 x 2 with Clip Horizontal on End (Thick C-Clip),4,Red,6,63868_Red.png
63868,Plate 1 x 2 with Clip Horizontal on End (Thick C-Clip),7,Light Gray,4,63868_Light_Gray.png
63868,Plate 1 x 2 with Clip Horizontal on End (Thick C-Clip),14,Yellow,8,63868_Yellow.png
63868,Plate 1 x 2 with Clip Horizontal on End (Thick C-Clip),15,White,38,63868_White.png
63965,Bar 6L with Thick Stop,15,White,1,63965_White.png
6536,Technic Cross Block 1 x 2 (Axle/Pin),4,Red,4,6536_Red.png
6587,Technic Axle 3 with Stud,8,Dark Gray,13,6587_Dark_Gray.png
6636,Tile 1 x 6,1,Blue,8,6636_Blue.png
6636,Tile 1 x 6,4,Red,4,6636_Red.png
6636,Tile 1 x 6,7,Light Gray,40,6636_Light_Gray.png
6636,Tile 1 x 6,14,Yellow,48,6636_Yellow.png
6636,Tile 1 x 6,15,White,58,6636_White.png
30033,Plate 2 x 2 with Rod Frame Octagonal,15,White,4,30033_White.png
85984,Slope Brick 31 1 x 2 x 0.667,0,Black,6,85984_Black.png
85984,Slope Brick 31 1 x 2 x 0.667,1,Blue,8,85984_Blue.png
85984,Slope Brick 31 1 x 2 x 0.667,4,Red,4,85984_Red.png
85984,Slope Brick 31 1 x 2 x 0.667,15,White,6,85984_White.png
87083,Technic Axle 4 with Stop,8,Dark Gray,2,87083_Dark_Gray.png
4864,Panel 1 x 2 x 2 Reinforced with Hollow Studs,4,Red,16,4864_Red.png
87580,Plate 2 x 2 with Groove with 1 Center Stud,1,Blue,1,87580_Blue.png
91988,Plate 2 x 14,19,Tan,6,91988_Tan.png
4532,Container Cupboard 2 x 3 x 2 with Hollow Studs,7,Light Gray,2,4532_Light_Gray.png
92280,Plate 1 x 2 with Single Clip on Top,7,Light Gray,2,92280_Light_Gray.png
92280,Plate 1 x 2 with Single Clip on Top,7,Red,8,92280_Red.png
92280,Plate 1 x 2 with Single Clip on Top,14,Yellow,4,92280_Yellow.png
93273,Slope Brick Curved 4 x 1 Double,0,Black,6,93273_Black.png
98138,Tile 1 x 1 Round with Groove,15,White,2,98138_White.png
98138,Tile 1 x 1 Round with Groove,33,Trans Dark Blue,68,98138_Trans_Dark_Blue.png
98138,Tile 1 x 1 Round with Groove,36,Trans Red,2,98138_Trans_Red.png
98138,Tile 1 x 1 Round with Groove,46,Trans Yellow,10,98138_Trans_Yellow.png
98263,Plate 1 x 4 with Square Towball Socket,7,Light Gray,3,98263_Light_Gray.png
99780,Bracket 1 x 2 - 1 x 2 Up,8,Dark Gray,4,99780_Dark_Gray.png
99780,Bracket 1 x 2 - 1 x 2 Up,14,Yellow,4,
